2022/8/16 上午 11:19:48,Members,Index,N/A
2022/8/16 上午 11:19:48,Home,Index,N/A
2022/8/16 上午 11:20:42,HomeManager,Login,N/A
2022/8/16 上午 11:21:07,HomeManager,Login,N/A
2022/8/16 上午 11:21:07,HomeManager,Index,N/A
2022/8/16 上午 11:21:34,HomeManager,Index,N/A
2022/8/16 上午 11:21:35,Members,Index,N/A
2022/8/16 上午 11:21:40,Members,Create,N/A
2022/8/16 上午 11:21:42,Members,Index,N/A
2022/8/16 上午 11:21:43,Members,Edit,2
2022/8/16 上午 11:21:45,Members,Index,N/A
2022/8/16 上午 11:21:46,Members,Details,2
2022/8/16 上午 11:24:16,Members,Index,N/A
2022/8/16 上午 11:24:16,Home,Index,N/A
2022/8/16 上午 11:24:22,HomeManager,Login,N/A
2022/8/16 上午 11:24:34,HomeManager,Login,N/A
2022/8/16 上午 11:24:34,HomeManager,Index,N/A
2022/8/16 上午 11:24:36,Members,Index,N/A
2022/8/16 上午 11:24:38,Members,Create,N/A
2022/8/16 上午 11:24:40,Members,Index,N/A
2022/8/16 上午 11:30:30,Members,Index,N/A, Guest
2022/8/16 上午 11:30:30,Home,Index,N/A, Guest
2022/8/16 上午 11:31:02,HomeManager,Login,N/A, Guest
2022/8/16 上午 11:31:32,HomeManager,Login,N/A, Guest
2022/8/16 上午 11:31:32,HomeManager,Index,N/A, Guest
2022/8/16 上午 11:33:27,HomeManager,Index,N/A, Guest
2022/8/16 上午 11:33:28,Members,Index,N/A, Guest
2022/8/16 上午 11:34:26,Members,Index,N/A, Guest
2022/8/16 上午 11:34:47,Home,Index,N/A, Guest
2022/8/16 上午 11:34:56,HomeManager,Login,N/A, Guest
2022/8/16 上午 11:35:08,HomeManager,Login,N/A, Guest
2022/8/16 上午 11:35:22,HomeManager,Index,N/A, Guest
2022/8/16 上午 11:38:59,Home,Index,N/A, Guest
2022/8/16 上午 11:39:02,HomeManager,Login,N/A, Guest
2022/8/16 上午 11:39:03,Members,Index,N/A, Guest
2022/8/16 上午 11:39:12,HomeManager,Login,N/A, Guest
2022/8/16 上午 11:39:12,HomeManager,Index,N/A, Guest
2022/8/16 上午 11:39:15,Members,Index,N/A, Guest
2022/8/16 上午 11:42:11,Home,Index,N/A, Guest
2022/8/16 上午 11:42:17,HomeManager,Login,N/A, Guest
2022/8/16 上午 11:42:26,HomeManager,Login,N/A, Guest
2022/8/16 上午 11:42:36,HomeManager,Login,N/A, Guest
2022/8/16 上午 11:42:36,HomeManager,Index,N/A, 1
2022/8/16 上午 11:42:37,Members,Index,N/A, 1
2022/8/23 上午 09:25:35,Members,Index,N/A, Guest
2022/8/23 上午 09:25:36,Home,Index,N/A, Guest
2022/8/23 上午 09:26:04,Home,Index,N/A, Guest
2022/8/23 上午 09:26:06,HomeManager,Login,N/A, Guest
2022/8/23 上午 09:26:12,HomeManager,Login,N/A, Guest
2022/8/23 上午 09:26:49,Members,Index,N/A, Guest
2022/8/23 上午 09:26:49,Home,Index,N/A, Guest
2022/8/23 上午 09:28:07,Employees,Index,N/A, Guest
2022/8/23 上午 09:29:11,Employees,Index,N/A, Guest
2022/8/23 上午 09:30:15,Employees,Index,N/A, Guest
2022/8/23 上午 09:32:51,Employees,Index,N/A, Guest
2022/8/23 上午 09:36:38,Home,Index,N/A, Guest
2022/8/23 上午 09:36:46,Employees,Index,N/A, Guest
2022/8/23 上午 09:37:00,Employees,Index,N/A, Guest
2022/8/23 上午 09:39:25,Employees,Index,N/A, Guest
2022/8/23 上午 09:42:58,Products,Index,N/A, Guest
2022/8/23 上午 09:43:24,Products,Index,N/A, Guest
2022/8/23 上午 10:35:53,Products,Index,N/A, Guest
2022/8/23 上午 10:38:43,Products,Index,N/A, Guest
2022/8/23 上午 10:39:18,Products,Index,N/A, Guest
2022/8/23 上午 10:46:47,Products,Index,N/A, Guest
2022/8/23 上午 10:46:54,Products,GetImage,A00003, Guest
2022/8/23 上午 10:46:54,Products,GetImage,A00002, Guest
2022/8/23 上午 10:46:54,Products,GetImage,A00001, Guest
2022/8/23 上午 10:46:54,Products,GetImage,A00006, Guest
2022/8/23 上午 10:46:54,Products,GetImage,A00005, Guest
2022/8/23 上午 10:46:54,Products,GetImage,A00004, Guest
2022/8/23 上午 10:46:54,Products,GetImage,A00008, Guest
2022/8/23 上午 10:46:54,Products,GetImage,A00007, Guest
2022/8/23 上午 10:46:54,Products,GetImage,A00009, Guest
2022/8/23 上午 10:46:54,Products,GetImage,A00010, Guest
2022/8/23 上午 10:46:54,Products,GetImage,A00011, Guest
2022/8/23 上午 10:46:54,Products,GetImage,A00013, Guest
2022/8/23 上午 10:46:54,Products,GetImage,A00012, Guest
2022/8/23 上午 10:47:47,Products,Index,N/A, Guest
2022/8/23 上午 10:47:47,Products,GetImage,A00001, Guest
2022/8/23 上午 10:47:47,Products,GetImage,A00002, Guest
2022/8/23 上午 10:47:47,Products,GetImage,A00007, Guest
2022/8/23 上午 10:47:47,Products,GetImage,A00005, Guest
2022/8/23 上午 10:47:47,Products,GetImage,A00003, Guest
2022/8/23 上午 10:47:47,Products,GetImage,A00006, Guest
2022/8/23 上午 10:47:47,Products,GetImage,A00004, Guest
2022/8/23 上午 10:47:47,Products,GetImage,A00008, Guest
2022/8/23 上午 10:47:47,Products,GetImage,A00009, Guest
2022/8/23 上午 10:47:47,Products,GetImage,A00010, Guest
2022/8/23 上午 10:47:47,Products,GetImage,A00011, Guest
2022/8/23 上午 10:47:47,Products,GetImage,A00012, Guest
2022/8/23 上午 10:47:47,Products,GetImage,A00013, Guest
2022/8/23 上午 10:47:53,Products,Index,N/A, Guest
2022/8/23 上午 10:47:53,Products,GetImage,A00001, Guest
2022/8/23 上午 10:47:53,Products,GetImage,A00003, Guest
2022/8/23 上午 10:47:53,Products,GetImage,A00004, Guest
2022/8/23 上午 10:47:53,Products,GetImage,A00006, Guest
2022/8/23 上午 10:47:53,Products,GetImage,A00005, Guest
2022/8/23 上午 10:47:53,Products,GetImage,A00007, Guest
2022/8/23 上午 10:47:53,Products,GetImage,A00008, Guest
2022/8/23 上午 10:47:54,Products,GetImage,A00011, Guest
2022/8/23 上午 10:47:54,Products,GetImage,A00012, Guest
2022/8/23 上午 10:47:54,Products,GetImage,A00009, Guest
2022/8/23 上午 10:47:54,Products,GetImage,A00010, Guest
2022/8/23 上午 10:47:54,Products,GetImage,A00013, Guest
2022/8/23 上午 10:47:57,Products,Index,N/A, Guest
2022/8/23 上午 10:47:57,Products,GetImage,A00001, Guest
2022/8/23 上午 10:47:57,Products,GetImage,A00003, Guest
2022/8/23 上午 10:47:57,Products,GetImage,A00006, Guest
2022/8/23 上午 10:47:57,Products,GetImage,A00002, Guest
2022/8/23 上午 10:47:57,Products,GetImage,A00004, Guest
2022/8/23 上午 10:47:57,Products,GetImage,A00005, Guest
2022/8/23 上午 10:47:57,Products,GetImage,A00008, Guest
2022/8/23 上午 10:47:57,Products,GetImage,A00007, Guest
2022/8/23 上午 10:47:57,Products,GetImage,A00009, Guest
2022/8/23 上午 10:47:57,Products,GetImage,A00010, Guest
2022/8/23 上午 10:47:57,Products,GetImage,A00011, Guest
2022/8/23 上午 10:47:57,Products,GetImage,A00012, Guest
2022/8/23 上午 10:47:57,Products,GetImage,A00013, Guest
2022/8/23 上午 10:51:35,Products,Index,N/A, Guest
2022/8/23 上午 10:51:45,Products,Index,N/A, Guest
2022/8/23 上午 11:00:21,Products,Index,N/A, Guest
2022/8/23 上午 11:02:07,Products,Index,N/A, Guest
2022/8/23 上午 11:05:02,Products,Index,N/A, Guest
2022/8/23 上午 11:05:45,Products,Index,N/A, Guest
2022/8/23 上午 11:06:06,Products,Index,N/A, Guest
2022/8/23 上午 11:08:05,Products,Index,N/A, Guest
2022/8/23 上午 11:09:04,Products,Index,N/A, Guest
2022/8/23 上午 11:09:46,Products,Index,N/A, Guest
2022/8/23 上午 11:13:36,Products,Index,N/A, Guest
2022/8/23 上午 11:14:48,Products,Index,N/A, Guest
2022/8/23 上午 11:15:18,Products,Index,N/A, Guest
2022/8/23 上午 11:16:24,Products,Index,N/A, Guest
2022/8/23 上午 11:16:33,Products,Details,A00001, Guest
2022/8/23 上午 11:16:45,Products,Index,N/A, Guest
2022/8/23 上午 11:17:02,Products,Index,N/A, Guest
2022/8/23 上午 11:17:05,Products,Details,A00001, Guest
2022/8/23 上午 11:18:04,Products,Details,A00001, Guest
2022/8/23 上午 11:18:59,Products,Details,A00001, Guest
2022/8/23 上午 11:21:46,Products,Details,A00001, Guest
2022/8/23 上午 11:23:21,Products,Details,A00001, Guest
2022/8/23 上午 11:24:37,Products,Details,A00001, Guest
2022/8/23 上午 11:24:49,Products,Details,A00001, Guest
2022/8/23 上午 11:24:59,Products,Details,A00001, Guest
2022/8/23 上午 11:25:19,Products,Details,A00001, Guest
2022/8/23 上午 11:26:18,Products,Create,N/A, Guest
2022/8/23 上午 11:26:51,Products,Create,N/A, Guest
2022/8/23 上午 11:29:11,Products,Details,A00001, Guest
2022/8/23 上午 11:29:45,Products,Details,A00001, Guest
2022/8/23 上午 11:29:53,Products,Index,N/A, Guest
2022/8/23 上午 11:29:56,Products,Details,A00004, Guest
2022/8/23 上午 11:30:02,Products,Details,A00012, Guest
2022/8/23 上午 11:35:24,Products,Details,A00012, Guest
2022/8/23 上午 11:35:50,Products,Details,A00012, Guest
2022/8/23 上午 11:36:29,Products,Details,A00012, Guest
2022/8/23 上午 11:36:41,Products,Details,A00012, Guest
2022/8/23 上午 11:37:33,Products,Details,A00012, Guest
2022/8/23 上午 11:38:02,Products,Details,A00012, Guest
2022/8/23 上午 11:39:30,Products,Details,A00012, Guest
2022/8/23 上午 11:40:07,Products,Index,N/A, Guest
2022/8/23 上午 11:40:09,Products,Details,A00001, Guest
2022/8/23 上午 11:40:20,Products,Index,N/A, Guest
2022/8/23 上午 11:42:32,Products,Index,N/A, Guest
2022/8/23 上午 11:43:27,Products,Index,N/A, Guest
2022/8/23 上午 11:44:12,Products,Index,N/A, Guest
2022/8/23 上午 11:44:25,Products,Details,A00001, Guest
2022/8/23 上午 11:44:54,Products,Details,A00010, Guest
2022/8/23 上午 11:45:00,Products,Details,A00009, Guest
2022/8/23 上午 11:46:52,Products,Details,A00010, Guest
2022/8/23 上午 11:46:56,Products,Index,N/A, Guest
2022/8/23 上午 11:46:58,Products,Index,N/A, Guest
2022/8/23 上午 11:47:33,Products,Index,N/A, Guest
2022/8/23 上午 11:47:50,Products,Index,N/A, Guest
2022/8/23 上午 11:48:16,Products,Index,N/A, Guest
2022/8/23 上午 11:48:18,Products,Details,A00009, Guest
2022/8/23 上午 11:51:34,Products,Index,N/A, Guest
2022/8/23 上午 11:51:41,Products,Details,A00009, Guest
2022/8/23 上午 11:52:12,Products,Edit,A00009, Guest
2022/8/23 上午 11:55:29,Products,Index,N/A, Guest
2022/8/23 上午 11:55:30,Products,Details,A00009, Guest
2022/8/23 下午 12:02:35,Products,Index,N/A, Guest
2022/8/23 下午 12:02:36,Products,Details,A00009, Guest
2022/8/23 下午 12:02:53,Products,Index,N/A, Guest
2022/8/23 下午 12:02:54,Products,Details,A00009, Guest
2022/8/23 下午 12:03:15,Products,Index,N/A, Guest
2022/8/23 下午 12:03:16,Products,Details,A00009, Guest
2022/8/23 下午 01:15:36,Products,Details,A00007, Guest
2022/8/23 下午 01:17:47,Products,Index,N/A, Guest
2022/8/23 下午 01:17:54,Products,Details,A00009, Guest
2022/8/23 下午 01:20:02,Products,Index,N/A, Guest
2022/8/23 下午 01:20:03,Products,Details,A00009, Guest
2022/8/23 下午 01:20:48,Products,Index,N/A, Guest
2022/8/23 下午 01:20:51,Products,Details,A00001, Guest
2022/8/23 下午 01:20:55,Products,Details,A00004, Guest
2022/8/23 下午 01:20:58,Products,Details,A00005, Guest
2022/8/23 下午 01:21:01,Products,Details,A00009, Guest
2022/8/23 下午 01:21:04,Products,Details,A00011, Guest
2022/8/23 下午 01:22:15,Products,Details,A00012, Guest
2022/8/23 下午 01:22:20,Products,Details,A00001, Guest
2022/8/23 下午 01:22:23,Products,Details,A00002, Guest
2022/8/23 下午 01:22:31,Products,Details,A00006, Guest
2022/8/24 上午 08:47:01,Products,Index,N/A, Guest
2022/8/24 上午 08:47:41,Products,Index,N/A, Guest
2022/8/24 上午 08:48:07,Products,Index,N/A, Guest
2022/8/24 上午 08:48:09,Products,Index,N/A, Guest
2022/8/24 上午 08:48:17,Products,Details,A00001, Guest
2022/8/24 上午 08:48:29,Products,Details,A00001, Guest
2022/8/24 上午 08:48:48,Products,Details,A00002, Guest
2022/8/24 上午 08:49:53,Products,Create,N/A, Guest
2022/8/24 上午 08:52:37,Products,Create,N/A, Guest
2022/8/24 上午 08:53:03,Products,Create,N/A, Guest
2022/8/24 上午 08:54:20,Products,Create,N/A, Guest
2022/8/24 上午 08:56:03,Products,Create,N/A, Guest
2022/8/24 上午 09:01:11,Products,Create,N/A, Guest
2022/8/24 上午 09:03:08,Products,Create,N/A, Guest
2022/8/24 上午 09:04:57,Products,Create,N/A, Guest
2022/8/24 上午 09:06:04,Products,Create,N/A, Guest
2022/8/24 上午 09:09:37,Products,Create,N/A, Guest
2022/8/24 上午 09:33:16,Products,Create,N/A, Guest
2022/8/24 上午 09:33:44,Products,Create,N/A, Guest
2022/8/24 上午 09:36:46,Products,Create,N/A, Guest
2022/8/24 上午 09:37:04,Products,Create,N/A, Guest
2022/8/24 上午 09:37:07,Products,Index,N/A, Guest
2022/8/24 上午 09:37:25,Products,Index,N/A, Guest
2022/8/24 上午 09:37:47,Products,Index,N/A, Guest
2022/8/24 上午 09:37:50,Products,Details,B00001, Guest
2022/8/24 上午 09:38:07,Products,Create,N/A, Guest
2022/8/24 上午 09:38:29,Products,Create,N/A, Guest
2022/8/24 上午 09:38:29,Products,Index,N/A, Guest
2022/8/24 上午 09:38:33,Products,Details,B00002, Guest
2022/8/24 上午 09:38:47,Products,Create,N/A, Guest
2022/8/24 上午 09:40:39,Products,Index,N/A, Guest
2022/8/24 上午 09:40:41,Products,Create,N/A, Guest
2022/8/24 上午 09:41:25,Products,Index,N/A, Guest
2022/8/24 上午 09:41:32,Products,Create,N/A, Guest
2022/8/24 上午 09:41:35,Products,Details,A00002, Guest
2022/8/24 上午 09:41:38,Products,Details,A00004, Guest
2022/8/24 上午 09:41:41,Products,Details,A00006, Guest
2022/8/24 上午 09:41:43,Products,Create,N/A, Guest
2022/8/24 上午 09:43:40,Products,Index,N/A, Guest
2022/8/24 上午 09:43:43,Products,Create,N/A, Guest
2022/8/24 上午 09:44:04,Products,Create,N/A, Guest
2022/8/24 上午 09:44:04,Products,Index,N/A, Guest
2022/8/24 上午 09:44:08,Products,Details,B00003, Guest
2022/8/24 上午 09:44:14,Products,Create,N/A, Guest
2022/8/24 上午 09:53:48,Products,Create,N/A, Guest
2022/8/24 上午 09:54:27,Products,Index,N/A, Guest
2022/8/24 上午 09:54:30,Products,Create,N/A, Guest
2022/8/24 上午 09:54:35,Products,Index,N/A, Guest
2022/8/24 上午 09:55:12,Products,Create,N/A, Guest
2022/8/24 上午 09:55:51,Products,Index,N/A, Guest
2022/8/24 上午 09:55:54,Products,Create,N/A, Guest
2022/8/24 上午 09:56:04,Products,Create,N/A, Guest
2022/8/24 上午 09:56:58,Products,Index,N/A, Guest
2022/8/24 上午 09:57:00,Products,Create,N/A, Guest
2022/8/24 上午 09:57:29,Products,Index,N/A, Guest
2022/8/24 上午 09:57:31,Products,Create,N/A, Guest
2022/8/24 上午 09:58:15,Products,Index,N/A, Guest
2022/8/24 上午 09:58:39,Products,Index,N/A, Guest
2022/8/24 上午 09:58:45,Products,Create,N/A, Guest
2022/8/24 上午 09:59:03,Products,Index,N/A, Guest
2022/8/24 上午 09:59:30,Products,Index,N/A, Guest
2022/8/24 上午 09:59:33,Products,Create,N/A, Guest
2022/8/24 上午 10:00:01,Products,Create,N/A, Guest
2022/8/24 上午 10:00:01,Products,Index,N/A, Guest
2022/8/24 上午 10:00:05,Products,Create,N/A, Guest
2022/8/24 上午 10:00:20,Products,Index,N/A, Guest
2022/8/24 上午 10:00:22,Products,Create,N/A, Guest
2022/8/24 上午 10:00:23,Products,Create,N/A, Guest
2022/8/24 上午 10:00:26,Products,Create,N/A, Guest
2022/8/24 上午 10:00:27,Products,Create,N/A, Guest
2022/8/24 上午 10:00:55,Products,Index,N/A, Guest
2022/8/24 上午 10:00:57,Products,Create,N/A, Guest
2022/8/24 上午 10:00:58,Products,Create,N/A, Guest
2022/8/24 上午 10:03:31,Products,Index,N/A, Guest
2022/8/24 上午 10:03:32,Products,Create,N/A, Guest
2022/8/24 上午 10:04:27,Products,Index,N/A, Guest
2022/8/24 上午 10:04:28,Products,Create,N/A, Guest
2022/8/24 上午 10:05:13,Products,Index,N/A, Guest
2022/8/24 上午 10:05:13,Products,Create,N/A, Guest
2022/8/24 上午 10:06:01,Products,Index,N/A, Guest
2022/8/24 上午 10:06:06,Products,Create,N/A, Guest
2022/8/24 上午 10:06:39,Products,Index,N/A, Guest
2022/8/24 上午 10:06:40,Products,Create,N/A, Guest
2022/8/24 上午 10:06:49,Products,Create,N/A, Guest
2022/8/24 上午 10:06:49,Products,Index,N/A, Guest
2022/8/24 上午 10:06:49,Products,Create,N/A, Guest
2022/8/24 上午 10:08:43,Products,Create,N/A, Guest
2022/8/24 上午 10:08:43,Products,Index,N/A, Guest
2022/8/24 上午 10:08:43,Products,Create,N/A, Guest
2022/8/24 上午 10:08:50,Products,Create,N/A, Guest
2022/8/24 上午 10:09:25,Products,Create,N/A, Guest
2022/8/24 上午 10:09:42,Products,Create,N/A, Guest
2022/8/24 上午 10:09:46,Products,Create,N/A, Guest
2022/8/24 上午 10:11:08,Products,Create,N/A, Guest
2022/8/24 上午 10:11:25,Products,Index,N/A, Guest
2022/8/24 上午 10:11:26,Products,Create,N/A, Guest
2022/8/24 上午 10:11:39,Products,Index,N/A, Guest
2022/8/24 上午 10:11:40,Products,Create,N/A, Guest
2022/8/24 上午 10:11:56,Products,Index,N/A, Guest
2022/8/24 上午 10:11:57,Products,Create,N/A, Guest
2022/8/24 上午 10:12:20,Products,Index,N/A, Guest
2022/8/24 上午 10:12:21,Products,Create,N/A, Guest
2022/8/24 上午 10:12:23,Products,Create,N/A, Guest
2022/8/24 上午 10:12:26,Products,Create,N/A, Guest
2022/8/24 上午 10:13:04,Products,Index,N/A, Guest
2022/8/24 上午 10:13:15,Products,Create,N/A, Guest
2022/8/24 上午 10:13:21,Products,Create,N/A, Guest
2022/8/24 上午 10:13:25,Products,Index,N/A, Guest
2022/8/24 上午 10:13:26,Products,Create,N/A, Guest
2022/8/24 上午 10:13:29,Products,Index,N/A, Guest
2022/8/24 上午 10:13:31,Products,Create,N/A, Guest
2022/8/24 上午 10:13:36,Products,Create,N/A, Guest
2022/8/24 上午 10:13:39,Products,Create,N/A, Guest
2022/8/24 上午 10:13:43,Products,Create,N/A, Guest
2022/8/24 上午 10:13:53,Products,Create,N/A, Guest
2022/8/24 上午 10:14:32,Products,Create,N/A, Guest
2022/8/24 上午 10:14:50,Products,Details,A00001, Guest
2022/8/24 上午 10:14:56,Products,Index,N/A, Guest
2022/8/24 上午 10:14:58,Products,Create,N/A, Guest
2022/8/24 上午 10:15:37,Products,Index,N/A, Guest
2022/8/24 上午 10:15:39,Products,Create,N/A, Guest
2022/8/24 上午 10:15:41,Products,Create,N/A, Guest
2022/8/24 上午 10:15:53,Products,Create,N/A, Guest
2022/8/24 上午 10:16:04,Products,Create,N/A, Guest
2022/8/24 上午 10:16:38,Products,Index,N/A, Guest
2022/8/24 上午 10:16:40,Products,Create,N/A, Guest
2022/8/24 上午 10:16:43,Products,Create,N/A, Guest
2022/8/24 上午 10:17:28,Products,Create,N/A, Guest
2022/8/24 上午 10:17:30,Products,Create,N/A, Guest
2022/8/24 上午 10:26:31,Products,Index,N/A, Guest
2022/8/24 上午 10:26:34,Products,Create,N/A, Guest
2022/8/24 上午 10:26:36,Products,Create,N/A, Guest
2022/8/24 上午 10:26:39,Products,Index,N/A, Guest
2022/8/24 上午 10:27:48,Products,Index,N/A, Guest
2022/8/24 上午 10:29:39,Products,Create,N/A, Guest
2022/8/24 上午 10:29:41,Products,Create,N/A, Guest
2022/8/24 上午 10:30:40,Products,Create,N/A, Guest
2022/8/24 上午 10:31:15,Products,Index,N/A, Guest
2022/8/24 上午 10:31:18,Products,Create,N/A, Guest
2022/8/24 上午 10:31:19,Products,Create,N/A, Guest
2022/8/24 上午 10:32:01,Products,Index,N/A, Guest
2022/8/24 上午 10:32:04,Products,Create,N/A, Guest
2022/8/24 上午 10:32:05,Products,Create,N/A, Guest
2022/8/24 上午 10:32:09,Products,Create,N/A, Guest
2022/8/24 上午 10:32:56,Products,Index,N/A, Guest
2022/8/24 上午 10:32:58,Products,Index,N/A, Guest
2022/8/24 上午 10:33:51,Products,Create,N/A, Guest
2022/8/24 上午 10:34:50,Products,Index,N/A, Guest
2022/8/24 上午 10:34:53,Products,Create,N/A, Guest
2022/8/24 上午 10:35:38,Products,Index,N/A, Guest
2022/8/24 上午 10:35:42,Products,Create,N/A, Guest
2022/8/24 上午 10:35:45,Products,Create,N/A, Guest
2022/8/24 上午 10:35:49,Products,Index,N/A, Guest
2022/8/24 上午 10:36:05,Products,Create,N/A, Guest
2022/8/24 上午 10:37:18,Products,Index,N/A, Guest
2022/8/24 上午 10:37:26,Products,Create,N/A, Guest
2022/8/24 上午 10:37:27,Products,Create,N/A, Guest
2022/8/24 上午 10:37:36,Products,Create,N/A, Guest
2022/8/24 上午 10:39:08,Products,Index,N/A, Guest
2022/8/24 上午 10:39:10,Products,Create,N/A, Guest
2022/8/24 上午 10:39:14,Products,Details,A00001, Guest
2022/8/24 上午 10:39:17,Products,Create,N/A, Guest
2022/8/24 上午 10:39:18,Products,Create,N/A, Guest
2022/8/24 上午 10:39:57,Products,Create,N/A, Guest
2022/8/24 上午 10:41:37,Products,Index,N/A, Guest
2022/8/24 上午 10:42:36,Products,Index,N/A, Guest
2022/8/24 上午 10:42:39,Products,Create,N/A, Guest
2022/8/24 上午 10:42:40,Products,Create,N/A, Guest
2022/8/24 上午 10:43:27,Products,Index,N/A, Guest
2022/8/24 上午 10:43:31,Products,Create,N/A, Guest
2022/8/24 上午 10:43:51,Products,Create,N/A, Guest
2022/8/24 上午 10:44:00,Products,Create,N/A, Guest
2022/8/24 上午 10:44:49,Home,Index,N/A, Guest
2022/8/24 上午 10:45:55,Home,Index,N/A, Guest
2022/8/24 上午 10:45:59,Products,Index,N/A, Guest
2022/8/24 上午 10:46:49,Products,Index,N/A, Guest
2022/8/24 上午 10:48:43,Products,Index,N/A, Guest
2022/8/24 上午 10:48:46,Products,Details,A00001, Guest
2022/8/24 上午 10:48:48,Products,Edit,A00001, Guest
2022/8/24 上午 10:49:55,Products,Details,A00001, Guest
2022/8/24 上午 10:49:57,Products,Edit,A00001, Guest
2022/8/24 上午 10:55:35,Products,Edit,A00001, Guest
2022/8/24 上午 10:56:34,Products,Edit,A00001, Guest
2022/8/24 上午 10:57:00,Products,Edit,A00001, Guest
2022/8/24 上午 11:04:41,Products,Edit,A00001, Guest
2022/8/24 上午 11:07:06,Products,Edit,A00001, Guest
2022/8/24 上午 11:07:32,Products,Edit,A00001, Guest
2022/8/24 上午 11:08:06,Products,Edit,A00001, Guest
2022/8/24 上午 11:10:15,Products,Edit,A00001, Guest
2022/8/24 上午 11:29:17,Products,Edit,A00001, Guest
2022/8/24 上午 11:29:26,Products,Index,N/A, Guest
2022/8/24 上午 11:29:30,Products,Details,B00001, Guest
2022/8/24 上午 11:29:32,Products,Edit,B00001, Guest
2022/8/24 上午 11:29:46,Products,Edit,B00001, Guest
2022/8/24 上午 11:29:46,Products,Index,N/A, Guest
2022/8/24 上午 11:29:51,Products,Details,B00001, Guest
2022/8/24 上午 11:29:58,Products,Edit,B00001, Guest
2022/8/24 上午 11:30:08,Products,Edit,B00001, Guest
2022/8/24 上午 11:30:08,Products,Index,N/A, Guest
2022/8/24 上午 11:30:23,Products,Create,N/A, Guest
2022/8/24 上午 11:30:26,Products,Details,A00001, Guest
2022/8/24 上午 11:30:28,Products,Edit,A00001, Guest
2022/8/24 上午 11:31:52,Products,Edit,A00001, Guest
2022/8/24 上午 11:31:55,Products,Edit,A00001, Guest
2022/8/24 上午 11:31:57,Products,Edit,A00001, Guest
2022/8/24 上午 11:32:09,Products,Details,A00001, Guest
2022/8/24 上午 11:32:10,Products,Edit,A00001, Guest
2022/8/24 上午 11:33:48,Products,Edit,A00001, Guest
2022/8/24 上午 11:37:58,Products,Edit,A00001, Guest
2022/8/24 上午 11:38:01,Products,Index,N/A, Guest
2022/8/24 上午 11:38:53,Products,Index,N/A, Guest
2022/8/24 上午 11:41:22,Products,Index,N/A, Guest
2022/8/24 上午 11:41:29,Products,ProductStatusChange,A00001, Guest
2022/8/24 上午 11:41:30,Products,Index,N/A, Guest
2022/8/24 上午 11:41:32,Products,ProductStatusChange,A00001, Guest
2022/8/24 上午 11:41:32,Products,Index,N/A, Guest
2022/8/24 上午 11:44:03,Products,Index,N/A, Guest
2022/8/24 上午 11:46:10,Products,Index,N/A, Guest
2022/8/24 上午 11:46:20,Products,ProductStatusChange,A00001, Guest
2022/8/24 上午 11:46:21,Products,Index,N/A, Guest
2022/8/24 上午 11:46:28,Products,ProductStatusChange,A00009, Guest
2022/8/24 上午 11:46:28,Products,Index,N/A, Guest
2022/8/24 上午 11:46:37,Products,ProductStatusChange,A00004, Guest
2022/8/24 上午 11:46:37,Products,Index,N/A, Guest
2022/8/24 上午 11:46:44,Products,Details,A00002, Guest
2022/8/24 上午 11:46:45,Products,Edit,A00002, Guest
2022/8/24 上午 11:46:49,Products,Index,N/A, Guest
2022/8/24 上午 11:47:09,Products,ProductStatusChange,B00002, Guest
2022/8/24 上午 11:47:09,Products,Index,N/A, Guest
2022/8/25 上午 08:56:27,Home,Index,N/A, Guest
2022/8/25 上午 09:02:41,Home,ProductList,N/A, Guest
2022/8/25 上午 09:09:52,Home,ProductList,N/A, Guest
2022/8/25 上午 09:10:37,Home,ProductList,N/A, Guest
2022/8/25 上午 09:11:03,Home,ProductList,N/A, Guest
2022/8/25 上午 09:11:18,Home,ProductList,N/A, Guest
2022/8/25 上午 09:12:14,Home,ProductList,N/A, Guest
2022/8/25 上午 09:12:38,Home,ProductList,N/A, Guest
2022/8/25 上午 09:12:57,Home,ProductList,N/A, Guest
2022/8/25 上午 09:13:33,Home,ProductList,N/A, Guest
2022/8/25 上午 09:14:08,Home,ProductList,N/A, Guest
2022/8/25 上午 09:14:26,Home,ProductList,N/A, Guest
2022/8/25 上午 09:15:11,Home,ProductList,N/A, Guest
2022/8/25 上午 09:15:30,Home,ProductList,N/A, Guest
2022/8/25 上午 09:18:10,Home,ProductList,N/A, Guest
2022/8/25 上午 09:19:23,Home,ProductList,N/A, Guest
2022/8/25 上午 09:21:51,Home,ProductList,N/A, Guest
2022/8/25 上午 09:23:29,Home,ProductList,N/A, Guest
2022/8/25 上午 09:24:14,Home,ProductList,N/A, Guest
2022/8/25 上午 09:24:17,Home,ProductList,N/A, Guest
2022/8/25 上午 09:24:32,Home,ProductList,N/A, Guest
2022/8/25 上午 09:25:54,Home,ProductList,N/A, Guest
2022/8/25 上午 09:26:10,Home,ProductList,N/A, Guest
2022/8/25 上午 09:26:35,Home,ProductList,N/A, Guest
2022/8/25 上午 09:26:51,Home,ProductList,N/A, Guest
2022/8/25 上午 09:27:31,Home,ProductList,N/A, Guest
2022/8/25 上午 09:28:19,Home,ProductList,N/A, Guest
2022/8/25 上午 09:28:43,Home,ProductList,N/A, Guest
2022/8/25 上午 09:31:50,Home,ProductList,N/A, Guest
2022/8/25 上午 09:33:06,Home,ProductList,N/A, Guest
2022/8/25 上午 09:37:40,Home,ProductList,N/A, Guest
2022/8/25 上午 09:39:23,Home,ProductList,N/A, Guest
2022/8/25 上午 09:39:51,Home,ProductList,N/A, Guest
2022/8/25 上午 09:39:59,Home,ProductList,N/A, Guest
2022/8/25 上午 09:40:41,Home,ProductList,N/A, Guest
2022/8/25 上午 09:41:28,Home,ProductList,N/A, Guest
2022/8/25 上午 09:52:32,Home,ProductList,N/A, Guest
2022/8/25 上午 10:45:02,Home,ProductList,N/A, Guest
2022/8/25 上午 10:45:16,Home,ProductList,N/A, Guest
2022/8/25 上午 10:48:17,Home,ProductList,N/A, Guest
2022/8/25 上午 10:49:02,Home,ProductList,N/A, Guest
2022/8/25 上午 10:51:01,Home,ProductList,N/A, Guest
2022/8/25 上午 10:54:56,Home,ProductList,N/A, Guest
2022/8/25 上午 10:57:15,Home,ProductList,N/A, Guest
2022/8/25 上午 10:57:58,Home,ProductList,N/A, Guest
2022/8/25 上午 10:58:20,Home,ProductList,N/A, Guest
2022/8/25 上午 10:59:32,Home,ProductList,N/A, Guest
2022/8/25 上午 11:01:11,Home,ProductList,N/A, Guest
2022/8/25 上午 11:01:19,Home,ProductList,N/A, Guest
2022/8/25 上午 11:01:33,Home,ProductList,N/A, Guest
2022/8/25 上午 11:01:51,Home,ProductList,N/A, Guest
2022/8/25 上午 11:13:24,Home,ProductList,N/A, Guest
2022/8/25 上午 11:13:30,Home,ProductList,N/A, Guest
2022/8/25 上午 11:13:50,Home,ProductList,N/A, Guest
2022/8/25 上午 11:14:53,Home,ProductList,N/A, Guest
2022/8/25 上午 11:16:54,Home,ProductList,N/A, Guest
2022/8/25 上午 11:17:23,Home,ProductList,N/A, Guest
2022/8/25 上午 11:25:11,Home,ProductList,N/A, Guest
2022/8/25 上午 11:25:52,Home,ProductList,N/A, Guest
2022/8/25 下午 02:37:52,Home,Index,N/A, Guest
2022/8/25 下午 08:04:24,Home,Index,N/A, Guest
