2022/9/16 上午 09:27:46,Home,Index,N/A, Guest
2022/9/16 上午 09:27:57,Members,Create,N/A, Guest
2022/9/16 上午 09:28:02,UserActivity,Index,N/A, Guest
2022/9/16 上午 09:28:09,Home,Index,N/A, Guest
2022/9/16 上午 09:28:10,UserActivity,Create,N/A, Guest
2022/9/16 上午 09:28:10,HomeManager,Login,N/A, Guest
2022/9/16 上午 09:28:34,HomeManager,Login,N/A, Guest
2022/9/16 上午 09:28:42,Home,Index,N/A, Guest
2022/9/16 上午 09:28:44,UserActivity,Index,N/A, Guest
2022/9/16 上午 09:28:45,UserActivity,Create,N/A, Guest
2022/9/16 上午 09:28:49,HomeManager,Login,N/A, Guest
2022/9/16 上午 09:28:59,HomeManager,Login,N/A, Guest
2022/9/16 上午 09:28:59,HomeManager,Index,N/A, P00018
2022/9/16 上午 09:29:10,Activity,Index,N/A, P00018
2022/9/16 上午 09:29:14,Activity,Details,A00001, P00018
2022/9/16 上午 09:29:14,Activity,_ActivityDetails,A00001, P00018
2022/9/16 上午 09:29:18,Activity,Details,A123, P00018
2022/9/16 上午 09:29:18,Activity,_ActivityDetails,A123, P00018
2022/9/16 上午 09:29:24,Home,Index,N/A, P00018
2022/9/16 上午 09:29:30,HomeManager,Logout,N/A, P00018
2022/9/16 上午 09:29:30,Home,Index,N/A, Guest
2022/9/16 上午 09:29:31,HomeManager,Login,N/A, Guest
2022/9/16 上午 09:29:32,HomeManager,Login,N/A, Guest
2022/9/16 上午 09:29:32,HomeManager,Index,N/A, P00018
2022/9/16 上午 09:29:39,HomeManager,Index,N/A, P00018
2022/9/16 上午 09:29:40,Activity,Index,N/A, P00018
2022/9/16 上午 09:29:42,Activity_type,Index,N/A, P00018
2022/9/16 上午 09:29:43,Place,Index,N/A, P00018
2022/9/16 上午 09:29:46,Members,Index,N/A, P00018
2022/9/16 上午 09:30:23,Home,Index,N/A, P00018
2022/9/16 上午 09:34:24,HomeManager,Index,N/A, Guest
2022/9/16 上午 09:34:25,Home,Index,N/A, Guest
2022/9/16 上午 09:35:14,Home,Index,N/A, Guest
2022/9/16 上午 10:11:28,Home,Index,N/A, Guest
2022/9/16 上午 10:11:44,Members,Create,N/A, Guest
2022/9/16 上午 10:12:36,Members,Create,N/A, Guest
2022/9/16 上午 10:12:37,Members,Create,N/A, Guest
2022/9/16 上午 10:12:43,Members,Create,N/A, Guest
2022/9/16 上午 10:12:44,Members,Create,N/A, Guest
2022/9/16 上午 10:17:14,Members,Create,N/A, Guest
2022/9/16 上午 10:20:14,Members,Create,N/A, Guest
2022/9/16 上午 10:20:15,Members,Index,N/A, Guest
2022/9/16 上午 10:20:15,Home,Index,N/A, Guest
2022/9/16 上午 10:20:24,HomeManager,Login,N/A, Guest
2022/9/16 上午 10:20:26,HomeManager,Login,N/A, Guest
2022/9/16 上午 10:20:26,HomeManager,Index,N/A, P00002
2022/9/16 上午 10:21:34,HomeManager,Index,N/A, Guest
2022/9/16 上午 10:21:35,Home,Index,N/A, Guest
2022/9/16 上午 10:22:01,Home,Index,N/A, Guest
2022/9/16 上午 10:22:12,Members,Create,N/A, Guest
2022/9/16 上午 10:25:42,Members,Create,N/A, Guest
2022/9/16 上午 10:25:43,Members,Index,N/A, Guest
2022/9/16 上午 10:25:43,Home,Index,N/A, Guest
2022/9/16 上午 10:25:47,HomeManager,Login,N/A, Guest
2022/9/16 上午 10:25:52,HomeManager,Login,N/A, Guest
2022/9/16 上午 10:25:52,HomeManager,Index,N/A, P00003
2022/9/16 上午 10:25:52,Home,Index,N/A, P00003
2022/9/16 上午 10:26:14,Home,Index,N/A, P00003
2022/9/16 上午 10:26:17,UserActivity,Index,N/A, P00003
2022/9/16 上午 10:26:20,Home,Index,N/A, P00003
2022/9/16 上午 10:32:49,Home,Index,N/A, P00003
2022/9/16 上午 10:32:56,UserActivity,Index,N/A, P00003
2022/9/16 上午 10:33:01,HomeManager,Logout,N/A, P00003
2022/9/16 上午 10:33:01,Home,Index,N/A, Guest
2022/9/16 上午 10:33:03,HomeManager,Login,N/A, Guest
2022/9/16 上午 10:33:05,Members,Create,N/A, Guest
2022/9/16 上午 10:34:45,Members,Create,N/A, Guest
2022/9/16 上午 10:34:45,Members,Index,N/A, Guest
2022/9/16 上午 10:34:46,Home,Index,N/A, Guest
2022/9/16 上午 10:34:51,HomeManager,Login,N/A, Guest
2022/9/16 上午 10:34:55,HomeManager,Login,N/A, Guest
2022/9/16 上午 10:34:55,HomeManager,Index,N/A, P00004
2022/9/16 上午 10:34:56,Home,Index,N/A, P00004
2022/9/16 上午 10:35:04,HomeManager,Logout,N/A, P00004
2022/9/16 上午 10:35:04,Home,Index,N/A, Guest
2022/9/16 上午 10:35:05,Members,Create,N/A, Guest
2022/9/16 上午 10:36:37,Members,Create,N/A, Guest
2022/9/16 上午 10:36:37,Members,Index,N/A, Guest
2022/9/16 上午 10:36:37,Home,Index,N/A, Guest
2022/9/16 上午 10:36:41,HomeManager,Login,N/A, Guest
2022/9/16 上午 10:36:44,HomeManager,Login,N/A, Guest
2022/9/16 上午 10:36:44,HomeManager,Index,N/A, P00005
2022/9/16 上午 10:36:44,Home,Index,N/A, P00005
2022/9/16 上午 10:38:14,Friend,Index,N/A, P00005
2022/9/16 上午 10:38:25,Home,Index,N/A, P00005
2022/9/16 上午 10:38:33,HomeManager,Logout,N/A, P00005
2022/9/16 上午 10:38:33,Home,Index,N/A, Guest
2022/9/16 上午 10:38:34,HomeManager,Login,N/A, Guest
2022/9/16 上午 10:38:44,HomeManager,Login,N/A, Guest
2022/9/16 上午 10:38:44,HomeManager,Index,N/A, P00002
2022/9/16 上午 10:38:44,Home,Index,N/A, P00002
2022/9/16 上午 10:39:14,homemanager,index,N/A, P00002
2022/9/16 上午 10:39:15,Home,Index,N/A, P00002
2022/9/16 上午 10:39:35,Home,Index,N/A, Guest
2022/9/16 上午 10:39:43,HomeManager,Login,N/A, Guest
2022/9/16 上午 10:39:45,HomeManager,Login,N/A, Guest
2022/9/16 上午 10:39:45,HomeManager,Index,N/A, P00002
2022/9/16 上午 10:39:46,Home,Index,N/A, P00002
2022/9/16 上午 10:39:49,Home,Index,N/A, P00002
2022/9/16 上午 10:39:53,Home,Index,N/A, P00002
2022/9/16 上午 10:40:02,homemanager,index,N/A, P00002
2022/9/16 上午 10:40:02,Home,Index,N/A, P00002
2022/9/16 上午 10:40:10,Members,Index,N/A, P00002
2022/9/16 上午 10:40:10,Home,Index,N/A, P00002
2022/9/16 上午 10:40:44,homemanager,index,N/A, P00002
2022/9/16 上午 10:40:44,Home,Index,N/A, P00002
2022/9/16 上午 10:41:00,Home,Index,N/A, Guest
2022/9/16 上午 10:41:18,HomeManager,Login,N/A, Guest
2022/9/16 上午 10:41:20,HomeManager,Login,N/A, Guest
2022/9/16 上午 10:41:20,HomeManager,Index,N/A, P00002
2022/9/16 上午 10:41:23,Place,Index,N/A, P00002
2022/9/16 上午 10:41:24,Place_type,Index,N/A, P00002
2022/9/16 上午 10:41:26,Place_type,Index,N/A, P00002
2022/9/16 上午 10:41:27,Place,Index,N/A, P00002
2022/9/16 上午 10:41:29,Place,Create,N/A, P00002
2022/9/16 上午 10:43:30,Place,Create,N/A, P00002
2022/9/16 上午 10:47:58,Place_type,Index,N/A, P00002
2022/9/16 上午 10:47:59,Place,Index,N/A, P00002
2022/9/16 上午 10:48:04,Place,Edit,S00001, P00002
2022/9/16 上午 10:48:12,Place,Edit,S00001, P00002
2022/9/16 上午 10:48:12,Place,Index,N/A, P00002
2022/9/16 上午 10:48:14,Place,Edit,S00001, P00002
2022/9/16 上午 10:48:19,Place,Edit,S00001, P00002
2022/9/16 上午 10:48:19,Place,Index,N/A, P00002
2022/9/16 上午 10:48:23,Place,Edit,S00001, P00002
2022/9/16 上午 10:48:28,Place,Edit,S00001, P00002
2022/9/16 上午 10:48:28,Place,Index,N/A, P00002
2022/9/16 上午 10:48:36,Place,Create,N/A, P00002
2022/9/16 上午 10:48:44,Place,Edit,S00001, P00002
2022/9/16 上午 10:48:48,Place,Edit,S00001, P00002
2022/9/16 上午 10:48:48,Place,Index,N/A, P00002
2022/9/16 上午 10:48:49,Place,Edit,S00001, P00002
2022/9/16 上午 10:48:55,Place,Edit,S00001, P00002
2022/9/16 上午 10:48:55,Place,Index,N/A, P00002
2022/9/16 上午 10:48:58,Place,Create,N/A, P00002
2022/9/16 上午 10:50:03,Place,Create,N/A, P00002
2022/9/16 上午 10:50:03,Place,Index,N/A, P00002
2022/9/16 上午 10:50:09,Place,Create,N/A, P00002
2022/9/16 上午 10:52:04,Place,Create,N/A, P00002
2022/9/16 上午 10:52:04,Place,Index,N/A, P00002
2022/9/16 上午 10:52:06,Place,Create,N/A, P00002
2022/9/16 上午 10:53:54,Place,Create,N/A, P00002
2022/9/16 上午 10:53:54,Place,Index,N/A, P00002
2022/9/16 上午 10:53:57,Place,Create,N/A, P00002
2022/9/16 上午 10:55:07,Place,Create,N/A, P00002
2022/9/16 上午 10:55:07,Place,Index,N/A, P00002
2022/9/16 上午 10:55:10,Place,Edit,S00005, P00002
2022/9/16 上午 10:55:21,Place,Edit,S00005, P00002
2022/9/16 上午 10:55:22,Place,Index,N/A, P00002
2022/9/16 上午 10:55:28,Place,Edit,S00005, P00002
2022/9/16 上午 10:56:07,Place,Edit,S00005, P00002
2022/9/16 上午 10:57:20,Place,Index,N/A, P00002
2022/9/16 上午 10:57:34,Place,Index,N/A, P00002
2022/9/16 上午 11:06:00,Place,Create,N/A, P00002
2022/9/16 上午 11:08:06,Place,Create,N/A, P00002
2022/9/16 上午 11:08:06,Place,Index,N/A, P00002
2022/9/16 上午 11:08:10,Place,Edit,S00006, P00002
2022/9/16 上午 11:08:17,Place,Edit,S00006, P00002
2022/9/16 上午 11:08:19,Place,Index,N/A, P00002
2022/9/16 上午 11:08:31,Place,Index,N/A, P00002
2022/9/16 上午 11:08:34,Place,Index,N/A, P00002
2022/9/16 上午 11:08:44,Place,Create,N/A, P00002
2022/9/16 上午 11:08:49,Place_type,Index,N/A, P00002
2022/9/16 上午 11:08:51,Place_type,Create,N/A, P00002
2022/9/16 上午 11:09:00,Place_type,Create,N/A, P00002
2022/9/16 上午 11:09:00,Place_type,Index,N/A, P00002
2022/9/16 上午 11:09:05,Place_type,Edit,E05, P00002
2022/9/16 上午 11:09:12,Place_type,Edit,E05, P00002
2022/9/16 上午 11:09:12,Place_type,Index,N/A, P00002
2022/9/16 上午 11:09:19,Activity_type,Index,N/A, P00002
2022/9/16 上午 11:09:22,Activity,Index,N/A, P00002
2022/9/16 上午 11:09:28,Place,Index,N/A, P00002
2022/9/16 上午 11:09:32,Place,Create,N/A, P00002
2022/9/16 上午 11:10:47,Place,Create,N/A, P00002
2022/9/16 上午 11:10:47,Place,Index,N/A, P00002
2022/9/16 上午 11:10:58,Place,Index,N/A, P00002
2022/9/16 上午 11:11:13,Place,Edit,S00001, P00002
2022/9/16 上午 11:11:18,Place_off_day,Create,N/A, P00002
2022/9/16 上午 11:11:33,Place_off_day,Create,N/A, P00002
2022/9/16 上午 11:12:45,Place_off_day,Create,N/A, P00002
2022/9/16 上午 11:12:45,Place,Index,N/A, P00002
2022/9/16 上午 11:12:46,Place,Create,N/A, P00002
2022/9/16 上午 11:12:49,Place_off_day,Create,N/A, P00002
2022/9/16 上午 11:12:53,Place_off_day,Create,N/A, P00002
2022/9/16 上午 11:12:53,Place,Index,N/A, P00002
2022/9/16 上午 11:13:07,Activity,Index,N/A, P00002
2022/9/16 上午 11:13:09,Activity_type,Index,N/A, P00002
2022/9/16 上午 11:13:12,Activity,Index,N/A, P00002
2022/9/16 上午 11:13:22,Activity,Index,N/A, P00002
2022/9/16 上午 11:14:03,Activity,Index,N/A, P00002
2022/9/16 上午 11:14:19,HomeManager,Index,N/A, P00002
2022/9/16 上午 11:14:20,Home,Index,N/A, P00002
2022/9/16 上午 11:14:23,UserActivity,Create,N/A, P00002
2022/9/16 上午 11:14:27,UserActivity,Index,N/A, P00002
2022/9/16 上午 11:14:28,UserActivity,Create,N/A, P00002
2022/9/16 上午 11:14:29,UserActivity,MyActivity,N/A, P00002
2022/9/16 上午 11:14:31,UserActivity,Create,N/A, P00002
2022/9/16 上午 11:17:10,UserActivity,Create,N/A, P00002
2022/9/16 上午 11:19:33,UserActivity,Create,N/A, P00002
2022/9/16 上午 11:20:08,Home,Index,N/A, Guest
2022/9/16 上午 11:21:25,HomeManager,Login,N/A, Guest
2022/9/16 上午 11:22:11,HomeManager,Login,N/A, Guest
2022/9/16 上午 11:22:11,HomeManager,Index,N/A, P00002
2022/9/16 上午 11:22:16,Activity,Index,N/A, P00002
2022/9/16 上午 11:22:20,HomeManager,Logout,N/A, P00002
2022/9/16 上午 11:22:20,Home,Index,N/A, Guest
2022/9/16 上午 11:22:21,Home,Index,N/A, Guest
2022/9/16 上午 11:22:21,HomeManager,Login,N/A, Guest
2022/9/16 上午 11:22:23,HomeManager,Login,N/A, Guest
2022/9/16 上午 11:22:23,HomeManager,Index,N/A, P00002
2022/9/16 上午 11:22:25,Home,Index,N/A, P00002
2022/9/16 上午 11:22:26,UserActivity,Create,N/A, P00002
2022/9/16 上午 11:23:22,UserActivity,Create,N/A, P00002
2022/9/16 上午 11:23:23,UserActivity,Index,N/A, P00002
2022/9/16 上午 11:26:23,UserActivity,Index,N/A, P00002
2022/9/16 上午 11:26:24,UserActivity,Index,N/A, P00002
2022/9/16 上午 11:26:25,UserActivity,Details,A00001, P00002
2022/9/16 上午 11:26:25,UserActivity,_ActivityDetails,A00001, P00002
2022/9/16 上午 11:26:48,UserActivity,Details,A00001, P00002
2022/9/16 上午 11:26:48,UserActivity,_ActivityDetails,A00001, P00002
2022/9/16 上午 11:31:32,Home,Index,N/A, P00002
2022/9/16 上午 11:31:34,HomeManager,Logout,N/A, P00002
2022/9/16 上午 11:31:34,Home,Index,N/A, Guest
2022/9/16 上午 11:31:35,Members,Create,N/A, Guest
2022/9/16 上午 11:31:36,Home,Index,N/A, Guest
2022/9/16 上午 11:31:37,HomeManager,Login,N/A, Guest
2022/9/16 上午 11:31:38,HomeManager,Login,N/A, Guest
2022/9/16 上午 11:31:38,HomeManager,Index,N/A, P00002
2022/9/16 上午 11:31:41,Members,Index,N/A, P00002
2022/9/16 上午 11:31:50,Members,Index,N/A, P00002
2022/9/16 上午 11:31:56,Members,Create,N/A, P00002
2022/9/16 上午 11:32:11,Members,Create,N/A, P00002
2022/9/16 上午 11:33:42,Members,Create,N/A, P00002
2022/9/16 上午 11:33:42,Members,Index,N/A, P00002
2022/9/16 上午 11:33:49,Members,Index,N/A, P00002
2022/9/16 上午 11:33:51,Members,Index,N/A, P00002
2022/9/16 上午 11:33:52,Members,Create,N/A, P00002
2022/9/16 上午 11:33:58,Members,Index,N/A, P00002
2022/9/16 上午 11:34:01,Members,Create,N/A, P00002
2022/9/16 上午 11:34:57,Members,Create,N/A, P00002
2022/9/16 上午 11:34:57,Members,Index,N/A, P00002
2022/9/16 上午 11:34:59,Members,Index,N/A, P00002
2022/9/16 上午 11:35:06,HomeManager,Logout,N/A, P00002
2022/9/16 上午 11:35:06,Home,Index,N/A, Guest
2022/9/16 上午 11:35:08,HomeManager,Login,N/A, Guest
2022/9/16 上午 11:35:14,HomeManager,Login,N/A, Guest
2022/9/16 上午 11:35:18,HomeManager,Login,N/A, Guest
2022/9/16 上午 11:35:20,HomeManager,Login,N/A, Guest
2022/9/16 上午 11:35:23,HomeManager,Login,N/A, Guest
2022/9/16 上午 11:35:23,HomeManager,Index,N/A, P00002
2022/9/16 上午 11:35:28,Activity_type,Index,N/A, P00002
2022/9/16 上午 11:35:29,Activity,Index,N/A, P00002
2022/9/16 上午 11:35:34,Activity,Index,N/A, P00002
2022/9/16 上午 11:35:36,Activity,Index,N/A, P00002
2022/9/16 上午 11:35:38,Home,Index,N/A, P00002
2022/9/16 上午 11:35:42,UserActivity,Create,N/A, P00002
2022/9/16 上午 11:37:42,UserActivity,Create,N/A, P00002
2022/9/16 上午 11:37:42,UserActivity,Index,N/A, P00002
2022/9/16 上午 11:37:49,UserActivity,Index,N/A, P00002
2022/9/16 上午 11:37:55,UserActivity,Index,N/A, P00002
2022/9/16 上午 11:37:57,UserActivity,Index,N/A, P00002
2022/9/16 上午 11:37:58,UserActivity,Index,N/A, P00002
2022/9/16 上午 11:38:00,UserActivity,Index,N/A, P00002
2022/9/16 上午 11:44:07,UserActivity,Index,N/A, P00002
2022/9/16 上午 11:44:12,UserActivity,Index,N/A, P00002
2022/9/16 上午 11:44:20,HomeManager,Logout,N/A, P00002
2022/9/16 上午 11:44:20,Home,Index,N/A, Guest
2022/9/16 上午 11:44:22,HomeManager,Login,N/A, Guest
2022/9/16 上午 11:44:27,HomeManager,Login,N/A, Guest
2022/9/16 上午 11:44:27,HomeManager,Index,N/A, P00003
2022/9/16 上午 11:44:27,Home,Index,N/A, P00003
2022/9/16 上午 11:44:29,UserActivity,Create,N/A, P00003
2022/9/16 上午 11:45:38,UserActivity,Create,N/A, P00003
2022/9/16 上午 11:45:38,UserActivity,Index,N/A, P00003
2022/9/16 上午 11:45:41,UserActivity,Details,A00003, P00003
2022/9/16 上午 11:45:41,UserActivity,_ActivityDetails,A00003, P00003
2022/9/16 上午 11:45:47,UserActivity,Details,A00002, P00003
2022/9/16 上午 11:45:47,UserActivity,_ActivityDetails,A00002, P00003
2022/9/16 上午 11:45:56,UserActivity,Create,N/A, P00003
2022/9/16 上午 11:46:57,UserActivity,Create,N/A, P00003
2022/9/16 上午 11:46:57,UserActivity,Index,N/A, P00003
2022/9/16 上午 11:47:31,HomeManager,Logout,N/A, P00003
2022/9/16 上午 11:47:31,Home,Index,N/A, Guest
2022/9/16 上午 11:48:47,Home,Index,N/A, Guest
2022/9/16 上午 11:49:05,UserActivity,Index,N/A, Guest
2022/9/16 上午 11:49:14,UserActivity,Index,N/A, Guest
2022/9/16 上午 11:49:16,UserActivity,Index,N/A, Guest
2022/9/16 上午 11:49:21,UserActivity,Index,N/A, Guest
2022/9/16 上午 11:49:24,UserActivity,Create,N/A, Guest
2022/9/16 上午 11:49:24,HomeManager,Login,N/A, Guest
2022/9/16 上午 11:49:29,HomeManager,Login,N/A, Guest
2022/9/16 上午 11:49:29,HomeManager,Index,N/A, P00003
2022/9/16 上午 11:49:30,Home,Index,N/A, P00003
2022/9/16 上午 11:49:34,UserActivity,MyActivity,N/A, P00003
2022/9/16 上午 11:49:39,Friend,Index,N/A, P00003
2022/9/16 上午 11:49:43,UserActivity,MyActivity,N/A, P00003
2022/9/16 上午 11:49:48,Home,Index,N/A, P00003
2022/9/16 上午 11:49:50,UserActivity,Create,N/A, P00003
2022/9/16 上午 11:49:51,UserActivity,MyActivity,N/A, P00003
2022/9/16 上午 11:49:54,UserActivity,Index,N/A, P00003
2022/9/16 上午 11:49:57,UserActivity,Details,A00001, P00003
2022/9/16 上午 11:49:57,UserActivity,_ActivityDetails,A00001, P00003
2022/9/16 上午 11:50:00,UserActivity,JoinActivity,A00001, P00003
2022/9/16 上午 11:50:01,UserActivity,Index,N/A, P00003
2022/9/16 上午 11:50:03,UserActivity,Details,A00001, P00003
2022/9/16 上午 11:50:03,UserActivity,_ActivityDetails,A00001, P00003
2022/9/16 上午 11:50:25,message,addmessage,N/A, P00003
2022/9/16 上午 11:50:25,UserActivity,Details,A00001, P00003
2022/9/16 上午 11:50:25,UserActivity,_ActivityDetails,A00001, P00003
2022/9/16 上午 11:50:38,message,addmessage,N/A, P00003
2022/9/16 上午 11:50:38,UserActivity,Details,A00001, P00003
2022/9/16 上午 11:50:38,UserActivity,_ActivityDetails,A00001, P00003
2022/9/16 上午 11:50:43,Home,Index,N/A, P00003
2022/9/16 上午 11:50:48,UserActivity,Create,N/A, P00003
2022/9/16 上午 11:50:51,UserActivity,Index,N/A, P00003
2022/9/16 上午 11:50:54,UserActivity,Create,N/A, P00003
2022/9/16 上午 11:50:55,UserActivity,MyActivity,N/A, P00003
2022/9/16 上午 11:50:58,Friend,Index,N/A, P00003
2022/9/16 上午 11:50:59,Friend,Create,N/A, P00003
2022/9/16 上午 11:51:06,Friend,Create,N/A, P00003
2022/9/16 上午 11:52:06,UserActivity,Create,N/A, Guest
2022/9/16 上午 11:52:06,HomeManager,Login,N/A, Guest
2022/9/16 上午 11:52:22,Home,Index,N/A, Guest
2022/9/16 上午 11:52:28,HomeManager,Login,N/A, Guest
2022/9/16 上午 11:52:29,HomeManager,Login,N/A, Guest
2022/9/16 上午 11:52:29,HomeManager,Index,N/A, P00003
2022/9/16 上午 11:52:30,Home,Index,N/A, P00003
2022/9/16 上午 11:52:32,Friend,Index,N/A, P00003
2022/9/16 上午 11:52:34,Friend,Create,N/A, P00003
2022/9/16 上午 11:52:39,Friend,Index,N/A, P00003
2022/9/16 上午 11:52:40,Friend,Index,N/A, P00003
2022/9/16 上午 11:53:16,Home,Index,N/A, Guest
2022/9/16 上午 11:53:24,HomeManager,Login,N/A, Guest
2022/9/16 上午 11:53:26,HomeManager,Login,N/A, Guest
2022/9/16 上午 11:53:26,HomeManager,Index,N/A, P00003
2022/9/16 上午 11:53:26,Home,Index,N/A, P00003
2022/9/16 上午 11:53:28,Friend,Index,N/A, P00003
2022/9/16 上午 11:53:31,Friend,ConfirmFriend,P00002, P00003
2022/9/16 上午 11:53:32,Friend,Index,N/A, P00003
2022/9/16 上午 11:53:53,Friend,Index,N/A, P00003
2022/9/16 上午 11:53:54,Friend,Index,N/A, P00003
2022/9/16 上午 11:54:11,Friend,Index,N/A, P00003
2022/9/16 上午 11:54:20,UserActivity,Create,N/A, P00003
2022/9/16 上午 11:54:21,Friend,Index,N/A, P00003
2022/9/16 上午 11:54:22,Friend,Create,N/A, P00003
2022/9/16 上午 11:54:25,Friend,Create,N/A, P00003
2022/9/16 上午 11:54:29,Friend,Index,N/A, P00003
2022/9/16 上午 11:54:31,Home,Index,N/A, P00003
2022/9/16 下午 01:11:32,UserActivity,Index,N/A, Guest
2022/9/16 下午 01:11:39,UserActivity,Create,N/A, Guest
2022/9/16 下午 01:11:42,HomeManager,Login,N/A, Guest
2022/9/16 下午 01:11:46,Home,Index,N/A, Guest
2022/9/16 下午 01:11:48,HomeManager,Login,N/A, Guest
2022/9/16 下午 01:11:50,HomeManager,Login,N/A, Guest
2022/9/16 下午 01:11:50,HomeManager,Index,N/A, P00003
2022/9/16 下午 01:11:51,Home,Index,N/A, P00003
2022/9/16 下午 01:34:36,Home,Index,N/A, Guest
2022/9/16 下午 01:34:38,HomeManager,Login,N/A, Guest
2022/9/16 下午 01:34:40,HomeManager,Login,N/A, Guest
2022/9/16 下午 01:34:40,HomeManager,Index,N/A, P00003
2022/9/16 下午 01:34:40,Home,Index,N/A, P00003
2022/9/16 下午 01:40:35,UserActivity,Create,N/A, P00003
2022/9/16 下午 01:40:37,HomeManager,Logout,N/A, P00003
2022/9/16 下午 01:40:37,Home,Index,N/A, Guest
2022/9/16 下午 01:40:39,UserActivity,Create,N/A, Guest
2022/9/16 下午 01:40:47,HomeManager,Login,N/A, Guest
2022/9/16 下午 01:40:48,HomeManager,Login,N/A, Guest
2022/9/16 下午 01:40:48,UserActivity,Create,N/A, Guest
2022/9/16 下午 01:40:52,HomeManager,Login,N/A, Guest
2022/9/16 下午 01:40:52,HomeManager,Index,N/A, P00003
2022/9/16 下午 01:40:52,Home,Index,N/A, P00003
2022/9/16 下午 01:40:53,UserActivity,Create,N/A, P00003
2022/9/16 下午 01:41:08,HomeManager,Logout,N/A, P00003
2022/9/16 下午 01:41:08,Home,Index,N/A, Guest
2022/9/16 下午 01:41:45,Home,Index,N/A, Guest
2022/9/16 下午 01:45:32,HomeManager,Login,N/A, Guest
2022/9/16 下午 01:45:34,HomeManager,Login,N/A, Guest
2022/9/16 下午 01:45:34,HomeManager,Index,N/A, P00003
2022/9/16 下午 01:45:35,Home,Index,N/A, P00003
2022/9/16 下午 01:45:37,UserActivity,Create,N/A, P00003
2022/9/16 下午 01:45:41,UserActivity,Index,N/A, P00003
2022/9/16 下午 01:45:44,UserActivity,MyActivity,N/A, P00003
2022/9/16 下午 01:45:49,Friend,Index,N/A, P00003
2022/9/16 下午 01:45:52,Home,Index,N/A, P00003
2022/9/16 下午 01:46:59,UserActivity,Index,N/A, P00003
2022/9/16 下午 01:47:01,UserActivity,Details,A00001, P00003
2022/9/16 下午 01:47:01,UserActivity,_ActivityDetails,A00001, P00003
2022/9/16 下午 01:48:42,Home,Index,N/A, P00003
2022/9/16 下午 02:12:13,UserActivity,Create,N/A, Guest
2022/9/16 下午 02:12:31,UserActivity,Create,N/A, Guest
2022/9/16 下午 02:12:31,HomeManager,Login,N/A, Guest
2022/9/16 下午 02:13:10,Home,Index,N/A, Guest
2022/9/16 下午 02:13:24,HomeManager,Login,N/A, Guest
2022/9/16 下午 02:13:26,HomeManager,Login,N/A, Guest
2022/9/16 下午 02:13:26,HomeManager,Index,N/A, P00003
2022/9/16 下午 02:13:27,Home,Index,N/A, P00003
2022/9/16 下午 02:13:48,Friend,Index,N/A, P00003
2022/9/16 下午 02:13:53,UserActivity,Create,N/A, P00003
2022/9/16 下午 02:13:56,UserActivity,Index,N/A, P00003
2022/9/16 下午 02:13:59,UserActivity,MyActivity,N/A, P00003
2022/9/16 下午 02:14:06,Friend,Index,N/A, P00003
2022/9/16 下午 02:14:10,Home,Index,N/A, P00003
2022/9/16 下午 02:16:37,Home,Index,N/A, P00003
2022/9/16 下午 02:16:40,HomeManager,Logout,N/A, P00003
2022/9/16 下午 02:16:40,Home,Index,N/A, Guest
2022/9/16 下午 02:16:42,HomeManager,Login,N/A, Guest
2022/9/16 下午 02:16:52,HomeManager,Login,N/A, Guest
2022/9/16 下午 02:16:52,HomeManager,Index,N/A, P00002
2022/9/16 下午 02:16:58,HomeManager,Index,N/A, P00002
2022/9/16 下午 02:17:01,Home,Index,N/A, P00002
2022/9/16 下午 02:17:03,Activity,Index,N/A, P00002
2022/9/16 下午 02:17:54,Activity_type,Index,N/A, P00002
2022/9/16 下午 02:17:56,Place,Index,N/A, P00002
2022/9/16 下午 02:18:00,Place_type,Index,N/A, P00002
2022/9/16 下午 02:18:04,Place_type,Index,N/A, P00002
2022/9/16 下午 02:18:05,Place,Index,N/A, P00002
2022/9/16 下午 02:22:13,Place,Edit,S00001, P00002
2022/9/16 下午 02:22:22,HomeManager,Index,N/A, P00002
2022/9/16 下午 02:22:23,Activity,Index,N/A, P00002
2022/9/16 下午 02:22:25,Activity,Edit,A00001, P00002
2022/9/16 下午 02:22:31,Activity,Details,A00001, P00002
2022/9/16 下午 02:22:31,Activity,_ActivityDetails,A00001, P00002
2022/9/16 下午 02:22:48,message,addmessage,N/A, P00002
2022/9/16 下午 02:22:48,UserActivity,Details,A00001, P00002
2022/9/16 下午 02:22:48,UserActivity,_ActivityDetails,A00001, P00002
2022/9/16 下午 02:22:54,Home,Index,N/A, P00002
2022/9/16 下午 02:22:57,HomeManager,Logout,N/A, P00002
2022/9/16 下午 02:22:57,Home,Index,N/A, Guest
2022/9/16 下午 02:22:59,HomeManager,Login,N/A, Guest
2022/9/16 下午 02:23:00,HomeManager,Login,N/A, Guest
2022/9/16 下午 02:23:00,HomeManager,Index,N/A, P00002
2022/9/16 下午 02:23:02,Activity,Index,N/A, P00002
2022/9/16 下午 02:23:05,Activity,Details,A00002, P00002
2022/9/16 下午 02:23:05,Activity,_ActivityDetails,A00002, P00002
2022/9/16 下午 02:23:10,Activity,Details,A00001, P00002
2022/9/16 下午 02:23:10,Activity,_ActivityDetails,A00001, P00002
2022/9/16 下午 02:23:14,Activity,Details,A00001, P00002
2022/9/16 下午 02:23:14,Activity,_ActivityDetails,A00001, P00002
2022/9/16 下午 02:23:18,Activity,Edit,A00001, P00002
2022/9/16 下午 02:23:21,Activity,Edit,A00001, P00002
2022/9/16 下午 02:23:21,Activity,Index,N/A, P00002
2022/9/16 下午 02:23:23,Activity,Details,A00001, P00002
2022/9/16 下午 02:23:23,Activity,_ActivityDetails,A00001, P00002
2022/9/16 下午 02:23:28,Activity,Details,A00001, P00002
2022/9/16 下午 02:23:28,Activity,_ActivityDetails,A00001, P00002
2022/9/16 下午 02:23:33,Activity,Edit,A00001, P00002
2022/9/16 下午 02:23:37,Activity,Edit,A00001, P00002
2022/9/16 下午 02:23:37,Activity,Index,N/A, P00002
2022/9/16 下午 02:23:39,Activity,Details,A00001, P00002
2022/9/16 下午 02:23:39,Activity,_ActivityDetails,A00001, P00002
2022/9/16 下午 02:23:45,Activity,Edit,A00001, P00002
2022/9/16 下午 02:23:51,Activity,Edit,A00001, P00002
2022/9/16 下午 02:23:51,Activity,Index,N/A, P00002
2022/9/16 下午 02:23:54,Activity,Edit,A00003, P00002
2022/9/16 下午 02:24:03,Activity,Edit,A00003, P00002
2022/9/16 下午 02:24:07,Activity,Edit,A00003, P00002
2022/9/16 下午 02:24:07,Activity,Index,N/A, P00002
2022/9/16 下午 02:24:09,Activity,Details,A00003, P00002
2022/9/16 下午 02:24:09,Activity,_ActivityDetails,A00003, P00002
2022/9/16 下午 02:27:22,Activity,Index,N/A, P00002
2022/9/16 下午 02:27:24,Activity_type,Index,N/A, P00002
2022/9/16 下午 02:27:29,Activity_type,Index,N/A, P00002
2022/9/16 下午 02:27:30,Place,Index,N/A, P00002
2022/9/16 下午 02:27:39,Place_off_day,Delete,S00002, P00002
2022/9/16 下午 02:27:41,Place_off_day,Delete,S00002, P00002
2022/9/16 下午 02:27:41,Place,Index,N/A, P00002
2022/9/16 下午 02:27:46,Place,Edit,S00003, P00002
2022/9/16 下午 02:27:58,Place,Edit,S00002, P00002
2022/9/16 下午 02:28:12,Place,Edit,S00002, P00002
2022/9/16 下午 02:28:12,Place,Index,N/A, P00002
2022/9/16 下午 02:28:20,Place,Edit,S00002, P00002
2022/9/16 下午 02:28:30,Place,Edit,S00002, P00002
2022/9/16 下午 02:28:30,Place,Index,N/A, P00002
2022/9/16 下午 02:28:34,Place,Index,N/A, P00002
2022/9/16 下午 02:28:46,Place,Edit,S00001, P00002
2022/9/16 下午 02:29:06,Place,Index,N/A, P00002
2022/9/16 下午 02:29:12,Place,Index,N/A, P00002
2022/9/16 下午 02:29:16,Place,Index,N/A, P00002
2022/9/16 下午 02:29:20,Place,Index,N/A, P00002
2022/9/16 下午 02:29:21,Place,Index,N/A, P00002
2022/9/16 下午 02:29:25,Place,Index,N/A, P00002
2022/9/16 下午 02:29:26,Place_type,Index,N/A, P00002
2022/9/16 下午 02:29:27,Members,Index,N/A, P00002
2022/9/16 下午 02:29:37,Members,Create,N/A, P00002
2022/9/16 下午 02:29:42,Members,Create,N/A, P00002
2022/9/16 下午 02:29:48,Members,Details,P00004, P00002
2022/9/16 下午 02:29:53,Members,Edit,P00004, P00002
2022/9/16 下午 02:30:43,Members,Edit,P00004, P00002
2022/9/16 下午 02:30:44,Members,Index,N/A, P00002
2022/9/16 下午 02:30:48,Members,Details,P00004, P00002
2022/9/16 下午 02:30:54,Members,Details,P00004, P00002
2022/9/16 下午 02:30:55,Members,Edit,P00004, P00002
2022/9/16 下午 02:30:58,Home,Index,N/A, P00002
2022/9/16 下午 02:31:00,HomeManager,Logout,N/A, P00002
2022/9/16 下午 02:31:00,Home,Index,N/A, Guest
2022/9/16 下午 02:31:01,HomeManager,Login,N/A, Guest
2022/9/16 下午 02:31:03,HomeManager,Login,N/A, Guest
2022/9/16 下午 02:31:03,HomeManager,Index,N/A, P00002
2022/9/16 下午 02:31:07,Members,Index,N/A, P00002
2022/9/16 下午 02:31:10,Members,Details,P00004, P00002
2022/9/16 下午 02:31:18,Members,Index,N/A, P00002
2022/9/16 下午 02:31:21,Members,Details,P00004, P00002
2022/9/16 下午 02:31:39,Members,Details,P00004, P00002
2022/9/16 下午 02:33:09,Members,Details,P00004, P00002
2022/9/16 下午 02:33:16,Members,Details,P00004, P00002
2022/9/16 下午 02:33:17,Members,Edit,P00004, P00002
2022/9/16 下午 02:33:33,Members,Edit,P00004, P00002
2022/9/16 下午 02:33:41,Members,Index,N/A, P00002
2022/9/16 下午 02:33:44,Members,Index,N/A, P00002
2022/9/16 下午 02:33:46,Members,Index,N/A, P00002
2022/9/16 下午 02:33:55,Home,Index,N/A, P00002
2022/9/16 下午 02:52:55,Members,Details,N/A, Guest
2022/9/16 下午 02:52:56,Home,Index,N/A, Guest
2022/9/16 下午 02:53:29,HomeManager,Login,N/A, Guest
2022/9/16 下午 02:53:31,HomeManager,Login,N/A, Guest
2022/9/16 下午 02:53:31,HomeManager,Index,N/A, P00002
2022/9/16 下午 02:53:36,Activity,Index,N/A, P00002
2022/9/16 下午 02:53:41,Activity_type,Index,N/A, P00002
2022/9/16 下午 02:53:43,Home,Index,N/A, P00002
2022/9/16 下午 02:53:47,HomeManager,Logout,N/A, P00002
2022/9/16 下午 02:53:47,Home,Index,N/A, Guest
2022/9/16 下午 02:53:48,Home,Index,N/A, Guest
2022/9/16 下午 02:53:49,UserActivity,Index,N/A, Guest
2022/9/16 下午 02:57:33,HomeManager,Login,N/A, Guest
2022/9/16 下午 02:57:34,HomeManager,Login,N/A, Guest
2022/9/16 下午 02:57:34,HomeManager,Index,N/A, P00002
2022/9/16 下午 02:57:38,Home,Index,N/A, P00002
2022/9/16 下午 02:58:01,HomeManager,Logout,N/A, P00002
2022/9/16 下午 02:58:01,Home,Index,N/A, Guest
2022/9/16 下午 02:58:02,HomeManager,Login,N/A, Guest
2022/9/16 下午 02:58:04,HomeManager,Login,N/A, Guest
2022/9/16 下午 02:58:04,HomeManager,Index,N/A, P00002
2022/9/16 下午 02:58:07,Activity,Index,N/A, P00002
2022/9/16 下午 02:58:08,Place,Index,N/A, P00002
2022/9/16 下午 02:59:21,HomeManager,Logout,N/A, P00002
2022/9/16 下午 02:59:21,Home,Index,N/A, Guest
2022/9/16 下午 02:59:23,HomeManager,Login,N/A, Guest
2022/9/16 下午 02:59:24,HomeManager,Login,N/A, Guest
2022/9/16 下午 02:59:24,HomeManager,Index,N/A, P00002
2022/9/16 下午 02:59:26,Home,Index,N/A, P00002
2022/9/16 下午 02:59:30,UserActivity,Index,N/A, P00002
2022/9/16 下午 03:00:06,HomeManager,Logout,N/A, P00002
2022/9/16 下午 03:00:06,Home,Index,N/A, Guest
2022/9/16 下午 03:00:07,UserActivity,Index,N/A, Guest
2022/9/16 下午 03:00:09,UserActivity,Details,A00001, Guest
2022/9/16 下午 03:00:09,UserActivity,_ActivityDetails,A00001, Guest
2022/9/16 下午 03:00:25,Home,Index,N/A, Guest
2022/9/16 下午 03:01:00,UserActivity,Index,N/A, Guest
2022/9/16 下午 03:01:41,Home,Index,N/A, Guest
2022/9/16 下午 03:01:44,UserActivity,Index,N/A, Guest
2022/9/16 下午 03:05:09,HomeManager,Login,N/A, Guest
2022/9/16 下午 03:05:11,HomeManager,Login,N/A, Guest
2022/9/16 下午 03:05:11,HomeManager,Index,N/A, P00002
2022/9/16 下午 03:05:19,HomeManager,Index,N/A, P00002
2022/9/16 下午 03:05:21,Activity,Index,N/A, P00002
2022/9/16 下午 03:07:33,Home,Index,N/A, P00002
2022/9/16 下午 03:07:36,UserActivity,MyActivity,N/A, P00002
2022/9/16 下午 03:07:45,UserActivity,Details,A00001, P00002
2022/9/16 下午 03:07:45,UserActivity,_ActivityDetails,A00001, P00002
2022/9/16 下午 03:16:18,UserActivity,MyActivity,N/A, P00002
2022/9/16 下午 03:16:23,UserActivity,MyActivity,N/A, P00002
2022/9/16 下午 03:16:36,Friend,Index,N/A, P00002
2022/9/16 下午 03:28:24,Friend,Index,N/A, P00002
2022/9/16 下午 03:31:26,UserActivity,Index,N/A, P00002
2022/9/16 下午 03:31:36,UserActivity,MyActivity,N/A, P00002
2022/9/16 下午 03:31:37,HomeManager,Logout,N/A, P00002
2022/9/16 下午 03:31:37,Home,Index,N/A, Guest
2022/9/16 下午 03:31:39,HomeManager,Login,N/A, Guest
2022/9/16 下午 03:31:40,HomeManager,Login,N/A, Guest
2022/9/16 下午 03:31:40,HomeManager,Index,N/A, P00002
2022/9/16 下午 03:31:43,Activity,Index,N/A, P00002
2022/9/16 下午 03:34:58,Activity,Index,N/A, P00002
2022/9/16 下午 03:35:04,Activity,Edit,A00001, P00002
2022/9/16 下午 03:35:12,Activity,Index,N/A, P00002
2022/9/16 下午 03:35:13,Activity_type,Index,N/A, P00002
2022/9/16 下午 03:36:12,Activity_type,Index,N/A, P00002
2022/9/16 下午 03:36:13,Place,Index,N/A, P00002
2022/9/16 下午 03:36:27,Place,Create,N/A, P00002
2022/9/16 下午 03:36:58,Place_type,Index,N/A, P00002
2022/9/16 下午 03:37:33,Members,Index,N/A, P00002
2022/9/16 下午 03:37:34,Members,Index,N/A, P00002
2022/9/16 下午 03:37:36,Members,Create,N/A, P00002
2022/9/16 下午 03:38:06,Members,Details,P00001, P00002
2022/9/16 下午 03:38:08,Members,Edit,P00001, P00002
